{"duration": [0.09868479999999999, 0.121905, 0.121905, 0.121905, 0.121905, 0.1161, 0.121905, 0.12771, 0.1161, 0.12771, 0.121905, 0.12771, 0.121905, 0.156735], "energy": [0.0, 0.40000206717634046, 0.40000206717634046, 0.40000206717634046, 0.40000206717634046, 0.30000241170573044, 0.40000206717634046, 0.5000017226469502, 0.30000241170573044, 0.5000017226469502, 0.40000206717634046, 0.5000017226469502, 0.40000206717634046, 1.0], "offset": [-0.005, -0.005, -0.005, -0.005, -0.005, -0.005, -0.005, -0.005, -0.005, -0.005, -0.005, -0.005, -0.005, -0.005], "time": [0.145125, 0.267029, 0.388934, 0.510839, 0.632744, 0.754649, 0.8707480000000001, 0.992653, 1.1203599999999998, 1.2364600000000001, 1.36417, 1.4860799999999998, 1.61379, 1.73569]}