{"duration": [0.00580499, 0.493424, 0.661769, 1.5789600000000001], "energy": [0.0, 0.3099624683520539, 0.41697353778252283, 1.0], "offset": [-0.005, -0.005, -0.005, -0.005], "time": [-0.00580499, 0.0580499, 1.57315, 3.13469]}