{"duration": [0.154667, 0.17131200000000002, 0.133333, 0.133333, 0.128, 0.11733299999999999, 0.096, 0.149333, 0.122667, 0.165333, 0.138667, 0.144, 0.149333, 0.0875], "energy": [0.8014007540686297, 1.0, 0.5468548656516966, 0.5468548656516966, 0.48322435928029395, 0.35595141507182737, 0.10141745812055551, 0.7377583162315657, 0.4195938529088913, 0.928661766811435, 0.6104973034887605, 0.6741278098601631, 0.7377583162315657, 0.0], "offset": [-0.005, -0.005, -0.005, -0.005, -0.005, -0.005, -0.005, -0.005, -0.005, -0.005, -0.005, -0.005, -0.005, -0.005], "time": [0.0426667, 0.368, 0.650667, 1.104, 1.38667, 1.57867, 1.7973299999999999, 1.92533, 2.22933, 2.464, 2.76267, 3.01333, 3.23733, 3.51467]}