{"duration": [0.12771, 0.0870748, 0.0928798, 0.0870748, 0.0870748, 0.0696599, 0.168345, 0.133515, 0.145125, 0.13932, 0.0812698, 0.0696599, 0.09868479999999999, 0.34829899999999997, 0.110295, 0.145125, 0.20898, 0.0928798, 0.052244900000000004, 0.156735, 0.0870748, 0.0754649, 0.10449, 0.278639, 0.133515, 0.13932, 0.15093, 0.0754649, 0.0754649, 0.09868479999999999, 0.336689, 0.110295, 0.12771, 0.1161, 0.0812698, 0.1161, 0.17415, 0.0812698, 0.0812698, 0.110295, 0.249615, 0.13932, 0.133515, 0.15093, 0.0812698, 0.0696599, 0.0928798, 0.336689, 0.110295, 0.13932, 0.19737000000000002, 0.0870748, 0.0870748, 0.145125, 0.0812698, 0.0928798, 0.133515, 0.28444400000000003, 0.133515, 0.13932, 0.145125, 0.0754649, 0.0696599, 0.0812698, 0.359909, 0.110295, 0.19737000000000002, 0.052244900000000004, 0.121905, 0.10449, 0.17415, 0.0754649, 0.0870748, 0.121905, 0.255419, 0.12771, 0.156735, 0.133515, 0.0870748, 0.0638549, 0.10449, 0.354104, 0.1161, 0.121905, 0.22059], "energy": [0.24528406141633036, 0.113207553302449, 0.13207553302449004, 0.113207553302449, 0.113207553302449, 0.05660393916612304, 0.37735991947061753, 0.2641520411383713, 0.3018880005824534, 0.2830200208604124, 0.09433957358040801, 0.05660393916612304, 0.15094351274653103, 0.962264040555918, 0.1886801222502073, 0.3018880005824534, 0.5094357775249047, 0.13207553302449004, 0.0, 0.3396239600265355, 0.113207553302449, 0.07547191888816408, 0.16981214252816626, 0.7358482838914259, 0.2641520411383713, 0.2830200208604124, 0.3207559803044945, 0.07547191888816408, 0.07547191888816408, 0.15094351274653103, 0.9245280811118362, 0.1886801222502073, 0.24528406141633036, 0.20754810197224832, 0.09433957358040801, 0.20754810197224832, 0.39622789919265855, 0.09433957358040801, 0.09433957358040801, 0.1886801222502073, 0.6415116355791918, 0.2830200208604124, 0.2641520411383713, 0.3207559803044945, 0.09433957358040801, 0.05660393916612304, 0.13207553302449004, 0.9245280811118362, 0.1886801222502073, 0.2830200208604124, 0.4716998180808226, 0.113207553302449, 0.113207553302449, 0.3018880005824534, 0.09433957358040801, 0.13207553302449004, 0.2641520411383713, 0.7547162636134669, 0.2641520411383713, 0.2830200208604124, 0.3018880005824534, 0.07547191888816408, 0.05660393916612304, 0.09433957358040801, 1.0, 0.1886801222502073, 0.4716998180808226, 0.0, 0.22641608169428934, 0.16981214252816626, 0.39622789919265855, 0.07547191888816408, 0.113207553302449, 0.22641608169428934, 0.6603763650032618, 0.24528406141633036, 0.3396239600265355, 0.2641520411383713, 0.113207553302449, 0.03773595944408204, 0.16981214252816626, 0.9811320202779591, 0.20754810197224832, 0.22641608169428934, 0.5471717369689867], "offset": [-0.005, -0.005, -0.005, -0.005, -0.005, -0.005, -0.005, -0.005, -0.005, -0.005, -0.005, -0.005, -0.005, -0.005, -0.005, -0.005, -0.005, -0.005, -0.005, -0.005, -0.005, -0.005, -0.005, -0.005, -0.005, -0.005, -0.005, -0.005, -0.005, -0.005, -0.005, -0.005, -0.005, -0.005, -0.005, -0.005, -0.005, -0.005, -0.005, -0.005, -0.005, -0.005, -0.005, -0.005, -0.005, -0.005, -0.005, -0.005, -0.005, -0.005, -0.005, -0.005, -0.005, -0.005, -0.005, -0.005, -0.005, -0.005, -0.005, -0.005, -0.005, -0.005, -0.005, -0.005, -0.005, -0.005, -0.005, -0.005, -0.005, -0.005, -0.005, -0.005, -0.005, -0.005, -0.005, -0.005, -0.005, -0.005, -0.005, -0.005, -0.005, -0.005, -0.005, -0.005, -0.005], "time": [0.09868479999999999, 0.313469, 0.40054399999999996, 0.493424, 0.580499, 0.702404, 0.7720629999999999, 0.986848, 1.1203599999999998, 1.26549, 1.40481, 1.4860799999999998, 1.55574, 1.65442, 2.00272, 2.11302, 2.25814, 2.51356, 2.80381, 2.85605, 3.01279, 3.09986, 3.1753299999999998, 3.30884, 3.5874800000000002, 3.721, 3.86032, 4.01125, 4.08671, 4.16218, 4.26086, 4.59755, 4.7078500000000005, 4.90522, 5.021319999999999, 5.27093, 5.60762, 5.781770000000001, 5.86304, 5.944310000000001, 6.054600000000001, 6.37388, 6.513199999999999, 6.64671, 6.79764, 6.878909999999999, 6.94857, 7.04145, 7.37814, 7.48844, 7.62776, 7.82512, 7.9121999999999995, 8.1502, 8.39982, 8.48109, 8.57397, 8.70748, 8.99193, 9.125440000000001, 9.26476, 9.409889999999999, 9.48535, 9.55501, 9.636280000000001, 9.99619, 10.1065, 10.3039, 10.3561, 10.588299999999998, 11.0005, 11.3139, 11.3894, 11.4765, 11.5984, 11.906, 12.033700000000001, 12.1905, 12.324, 12.411100000000001, 12.4749, 12.5794, 12.9335, 13.0496, 13.1715]}