{"duration": [0.19737000000000002, 0.0638549, 0.267029, 0.15093, 0.377324, 0.15093, 0.17415, 0.2322, 0.319274, 0.24381, 0.052244900000000004, 0.052244900000000004, 0.0812698, 0.313469, 0.226395, 0.255419, 0.20317500000000002, 0.0870748, 0.0928798, 0.0812698, 0.15093, 0.16254, 0.16254, 0.0638549, 0.13932, 0.052244900000000004, 0.365714, 0.214785, 0.052244900000000004, 0.12771, 0.19737000000000002, 0.13932, 0.18575999999999998, 0.313469, 0.307664, 0.0580499, 0.09868479999999999, 0.28444400000000003, 0.22059, 0.10449, 0.0928798, 0.156735, 0.325079, 0.238005, 0.052244900000000004, 0.145125, 0.121905, 0.110295, 0.238005, 0.22059, 0.319274], "energy": [0.44643011500893165, 0.03571438459131946, 0.6607133463824649, 0.3035725766436538, 1.0, 0.3035725766436538, 0.3750013458262927, 0.5535732687828899, 0.8214280770434025, 0.5892876533742095, 0.0, 0.0, 0.08928565386086032, 0.8035708847477429, 0.5357160764872303, 0.6249989617911456, 0.4642873073045914, 0.10714284615652003, 0.12500003845217977, 0.08928565386086032, 0.3035725766436538, 0.3392869612349732, 0.3392869612349732, 0.03571438459131946, 0.2678581920523343, 0.0, 0.9642856154086805, 0.5000016918959108, 0.0, 0.23214380746101482, 0.44643011500893165, 0.2678581920523343, 0.4107157304176121, 0.8035708847477429, 0.7857136924520831, 0.01785719229565973, 0.1428572307478395, 0.7142849232694443, 0.5178588841915706, 0.1607150382783759, 0.12500003845217977, 0.3214297689393135, 0.8392852693390624, 0.5714304610785497, 0.0, 0.28571538434799404, 0.2142866151653551, 0.17857223057403565, 0.5714304610785497, 0.5178588841915706, 0.8214280770434025], "offset": [-0.005, -0.005, -0.005, -0.005, -0.005, -0.005, -0.005, -0.005, -0.005, -0.005, -0.005, -0.005, -0.005, -0.005, -0.005, -0.005, -0.005, -0.005, -0.005, -0.005, -0.005, -0.005, -0.005, -0.005, -0.005, -0.005, -0.005, -0.005, -0.005, -0.005, -0.005, -0.005, -0.005, -0.005, -0.005, -0.005, -0.005, -0.005, -0.005, -0.005, -0.005, -0.005, -0.005, -0.005, -0.005, -0.005, -0.005, -0.005, -0.005, -0.005, -0.005], "time": [0.0464399, 0.24381, 0.307664, 0.5746939999999999, 0.725624, 1.10295, 1.25388, 1.42803, 1.66023, 1.9795, 2.22331, 2.27556, 2.3278000000000003, 2.4090700000000003, 2.72254, 3.01279, 3.26821, 3.47138, 3.55846, 3.6513400000000003, 3.73261, 3.88354, 4.04608, 4.20862, 4.27247, 4.41179, 4.46404, 4.82975, 5.04454, 5.09678, 5.224489999999999, 5.42186, 5.56118, 5.7469399999999995, 6.06041, 6.3680699999999995, 6.42612, 6.52481, 6.80925, 7.02984, 7.13433, 7.22721, 7.38395, 7.79029, 8.0283, 8.08054, 8.225670000000001, 8.34757, 8.457870000000002, 8.695870000000001, 8.916459999999999]}