{"duration": [0.0870748, 0.110295, 0.09868479999999999, 0.0928798, 0.09868479999999999, 0.0928798, 0.10449, 0.09868479999999999, 0.09868479999999999, 0.09868479999999999, 0.10449, 0.10449, 0.10449, 0.1161, 0.09868479999999999, 0.0696599, 0.0696599, 0.0696599, 0.0754649, 0.319274, 0.20898, 0.2322, 0.226395, 0.052244900000000004, 0.145125, 0.052244900000000004, 0.16254, 0.052244900000000004, 0.20317500000000002, 0.0870748, 0.09868479999999999, 0.09868479999999999, 0.0928798, 0.09868479999999999, 0.0928798, 0.09868479999999999, 0.0928798, 0.09868479999999999, 0.0928798, 0.10449, 0.10449, 0.10449, 0.10449, 0.1161, 0.110295, 0.0638549, 0.0638549, 0.0754649, 0.0638549, 0.267029], "energy": [0.13043484773756867, 0.21739241153866753, 0.1739132551470982, 0.15217405144233345, 0.1739132551470982, 0.15217405144233345, 0.19565320783390275, 0.1739132551470982, 0.1739132551470982, 0.1739132551470982, 0.19565320783390275, 0.19565320783390275, 0.19565320783390275, 0.23913161524343227, 0.1739132551470982, 0.06521761111429426, 0.06521761111429426, 0.06521761111429426, 0.08695681481905905, 1.0, 0.5869588745196684, 0.6739156893387275, 0.6521764856339628, 0.0, 0.3478276337672561, 0.0, 0.41304524488155037, 0.0, 0.5652196708149038, 0.13043484773756867, 0.1739132551470982, 0.1739132551470982, 0.15217405144233345, 0.1739132551470982, 0.15217405144233345, 0.1739132551470982, 0.15217405144233345, 0.1739132551470982, 0.15217405144233345, 0.19565320783390275, 0.19565320783390275, 0.19565320783390275, 0.19565320783390275, 0.23913161524343227, 0.21739241153866753, 0.043478407409529525, 0.043478407409529525, 0.08695681481905905, 0.043478407409529525, 0.8043471666571173], "offset": [-0.005, -0.005, -0.005, -0.005, -0.005, -0.005, -0.005, -0.005, -0.005, -0.005, -0.005, -0.005, -0.005, -0.005, -0.005, -0.005, -0.005, -0.005, -0.005, -0.005, -0.005, -0.005, -0.005, -0.005, -0.005, -0.005, -0.005, -0.005, -0.005, -0.005, -0.005, -0.005, -0.005, -0.005, -0.005, -0.005, -0.005, -0.005, -0.005, -0.005, -0.005, -0.005, -0.005, -0.005, -0.005, -0.005, -0.005, -0.005, -0.005, -0.005], "time": [0.0464399, 0.133515, 0.24381, 0.342494, 0.43537400000000004, 0.534059, 0.6269389999999999, 0.731429, 0.8301130000000001, 0.928798, 1.02748, 1.13197, 1.2364600000000001, 1.34095, 1.45705, 1.55574, 1.6254000000000002, 1.69506, 1.76472, 1.8401800000000001, 2.15946, 2.36844, 2.60063, 2.82703, 2.87927, 3.0244, 3.07664, 3.2391799999999997, 3.2914299999999996, 3.4945999999999997, 3.58168, 3.6803600000000003, 3.7790500000000002, 3.87193, 3.97061, 4.06349, 4.16218, 4.25506, 4.35374, 4.44662, 4.5511099999999995, 4.655600000000001, 4.76009, 4.86458, 4.98068, 5.090979999999999, 5.15483, 5.21868, 5.294149999999999, 5.358]}