{"duration": [0.110295, 0.0290249, 0.0928798, 0.133515, 0.145125, 0.13932, 0.145125, 0.0290249, 0.145125, 0.0580499, 0.133515, 0.15093, 0.0290249, 0.121905, 0.13932, 0.023219999999999998, 0.0464399, 0.1161, 0.20317500000000002, 0.0696599, 0.0406349, 0.0696599, 0.133515, 0.0696599, 0.0928798, 0.052244900000000004, 0.226395, 0.13932, 0.20317500000000002, 0.145125, 0.052244900000000004, 0.0638549, 0.249615, 0.18575999999999998, 0.307664, 0.16254, 0.133515, 0.238005, 0.0290249, 0.052244900000000004, 0.18575999999999998, 0.0754649, 0.145125, 0.0696599, 0.0928798, 0.121905, 0.168345, 0.0464399, 0.0464399, 0.16254, 0.0406349, 0.17415, 0.0638549, 0.0430159], "energy": [0.3061235251930082, 0.020407883449817893, 0.2448981170283079, 0.38775646524447693, 0.4285729352702114, 0.4081647002573442, 0.4285729352702114, 0.020407883449817893, 0.4285729352702114, 0.12244905851415396, 0.38775646524447693, 0.44898117028307866, 0.020407883449817893, 0.3469399952187426, 0.4081647002573442, 0.0, 0.08163258848841953, 0.3265317602058754, 0.6326552853988836, 0.16326552853988835, 0.06122435347555232, 0.16326552853988835, 0.38775646524447693, 0.16326552853988835, 0.2448981170283079, 0.10204082350128674, 0.7142882254503524, 0.4081647002573442, 0.6326552853988836, 0.4285729352702114, 0.10204082350128674, 0.14285729352702117, 0.7959211655018212, 0.5714305803602818, 1.0, 0.489797640308813, 0.38775646524447693, 0.7551046954760868, 0.020407883449817893, 0.10204082350128674, 0.5714305803602818, 0.18367376355275558, 0.4285729352702114, 0.16326552853988835, 0.2448981170283079, 0.3469399952187426, 0.5102058753216803, 0.08163258848841953, 0.08163258848841953, 0.489797640308813, 0.06122435347555232, 0.5306141103345475, 0.14285729352702117, 0.0695950696797964], "offset": [-0.005, -0.005, -0.005, -0.005, -0.005, -0.005, -0.005, -0.005, -0.005, -0.005, -0.005, -0.005, -0.005, -0.005, -0.005, -0.005, -0.005, -0.005, -0.005, -0.005, -0.005, -0.005, -0.005, -0.005, -0.005, -0.005, -0.005, -0.005, -0.005, -0.005, -0.005, -0.005, -0.005, -0.005, -0.005, -0.005, -0.005, -0.005, -0.005, -0.005, -0.005, -0.005, -0.005, -0.005, -0.005, -0.005, -0.005, -0.005, -0.005, -0.005, -0.005, -0.005, -0.005, -0.005], "time": [-0.00580499, 0.238005, 0.354104, 0.679184, 1.00426, 1.34676, 1.69506, 1.92726, 2.02594, 2.25814, 2.33361, 2.65868, 2.93732, 2.98957, 3.3030399999999998, 3.4423600000000003, 3.5236300000000003, 3.6107, 4.10993, 4.31311, 4.40599, 4.46404, 4.78331, 5.0619499999999995, 5.14902, 5.241899999999999, 5.294149999999999, 5.52054, 5.83401, 6.10104, 6.43193, 6.48417, 6.54803, 7.02404, 7.33751, 7.64517, 7.80771, 8.20245, 8.44045, 8.53333, 8.58558, 8.841, 8.916459999999999, 9.06159, 9.13125, 9.40408, 9.71175, 10.0891, 10.3039, 10.3619, 10.7392, 11.0063, 11.3429, 11.406799999999999]}