{"duration": [0.214785, 0.226395, 0.0812698, 0.052244900000000004, 0.052244900000000004, 0.1161, 0.0696599, 0.249615, 0.238005, 0.15093, 0.301859, 0.417959, 0.470204, 0.17415, 0.0580499, 0.0580499, 0.19737000000000002, 0.383129, 0.29024900000000003, 0.052244900000000004, 0.19737000000000002, 0.052244900000000004, 0.29024900000000003, 0.214785, 0.34829899999999997, 0.052244900000000004, 0.168345, 0.0638549, 0.20317500000000002, 0.0638549, 0.0696599, 0.29024900000000003, 0.0754649, 0.0638549, 0.0754649, 0.0754649, 0.0812698, 0.09868479999999999, 0.052244900000000004, 0.052244900000000004, 0.20898, 0.0754649, 0.0696599, 0.0580499, 0.0580499, 0.052244900000000004, 0.052244900000000004, 0.16254, 0.09868479999999999, 0.20898, 0.052244900000000004, 0.09868479999999999, 0.12771, 0.156735, 0.156735, 0.0696599, 0.121905, 0.226395, 0.0812698, 0.052244900000000004, 0.10449, 0.12771, 0.133515, 0.10449, 0.110295, 0.0928798, 0.052244900000000004, 0.1161, 0.0580499, 0.0580499, 0.17415, 0.19156499999999999, 0.0754649, 0.052244900000000004, 0.0754649, 0.0696599, 0.156735, 0.052244900000000004, 0.19737000000000002, 0.238005, 0.052244900000000004, 0.052244900000000004, 0.0928798, 0.09868479999999999, 0.13932, 0.052244900000000004, 0.10449, 0.0580499, 0.052244900000000004, 0.179955, 0.406349, 0.2322, 0.0812698, 0.313469, 0.09868479999999999, 0.15093, 0.0696599, 0.22059, 0.20898, 0.249615, 0.17415, 0.052244900000000004, 0.09868479999999999, 0.052244900000000004, 0.12771, 0.17415, 0.336689, 0.226395, 0.10449, 0.052244900000000004, 0.5630839999999999, 0.052244900000000004, 0.0580499, 0.0580499, 0.15093, 0.0580499, 0.0580499, 0.0580499, 0.0928798, 0.0754649, 0.145125, 0.0870748, 0.12771, 0.0580499, 0.0870748, 0.0638549, 0.0580499, 0.10449, 0.0870748, 0.359909, 0.052244900000000004, 0.319274, 0.226395, 0.052244900000000004, 0.10449, 0.296054, 0.22059, 0.168345, 0.052244900000000004, 0.052244900000000004, 0.0696599, 0.10449, 0.052244900000000004, 0.0580499, 0.110295, 0.09868479999999999, 0.052244900000000004, 0.133515, 0.34829899999999997, 0.052244900000000004, 0.0870748, 0.0580499, 0.0870748, 0.325079, 0.0812698, 0.0638549, 0.0754649, 0.10449, 0.0638549, 0.15093, 0.0870748, 0.0580499, 0.179955, 0.10449, 0.0812698, 0.15093, 0.278639, 0.052244900000000004, 0.10449, 0.18575999999999998, 0.16254, 0.22059, 0.377324, 0.15093, 0.0580499, 0.0580499, 0.052244900000000004, 0.110295, 0.0696599, 0.0638549, 0.052244900000000004, 0.0870748, 0.145125, 0.029161000000000003], "energy": [0.3476606177295228, 0.36940532623618016, 0.09759609531711502, 0.04323451134339596, 0.04323451134339596, 0.16283059542293551, 0.07585157410338193, 0.41289474324949477, 0.39115003474283744, 0.2280647209429075, 0.5107440586002101, 0.7281911436667834, 0.8260423319467414, 0.2715541379562222, 0.05410686559672462, 0.05410686559672462, 0.3150435549695368, 0.6629570181468115, 0.48899935009355283, 0.04323451134339596, 0.3150435549695368, 0.04323451134339596, 0.48899935009355283, 0.3476606177295228, 0.5977228926268394, 0.04323451134339596, 0.26068178370289347, 0.06497921985005328, 0.3259159092228655, 0.06497921985005328, 0.07585157410338193, 0.48899935009355283, 0.08672392835671061, 0.06497921985005328, 0.08672392835671061, 0.08672392835671061, 0.09759609531711502, 0.130213158077101, 0.04323451134339596, 0.04323451134339596, 0.3367882634761941, 0.08672392835671061, 0.07585157410338193, 0.05410686559672462, 0.05410686559672462, 0.04323451134339596, 0.04323451134339596, 0.2498094294495648, 0.130213158077101, 0.3367882634761941, 0.04323451134339596, 0.130213158077101, 0.18457530392959282, 0.2389370751962362, 0.2389370751962362, 0.07585157410338193, 0.17370294967626418, 0.36940532623618016, 0.09759609531711502, 0.04323451134339596, 0.14108588691627819, 0.18457530392959282, 0.19544765818292148, 0.14108588691627819, 0.15195824116960685, 0.11934080382377235, 0.04323451134339596, 0.16283059542293551, 0.05410686559672462, 0.05410686559672462, 0.2715541379562222, 0.3041712007162081, 0.08672392835671061, 0.04323451134339596, 0.08672392835671061, 0.07585157410338193, 0.2389370751962362, 0.04323451134339596, 0.3150435549695368, 0.39115003474283744, 0.04323451134339596, 0.04323451134339596, 0.11934080382377235, 0.130213158077101, 0.20632001243625014, 0.04323451134339596, 0.14108588691627819, 0.05410686559672462, 0.04323451134339596, 0.28242649220955085, 0.7064464351601261, 0.3802776804895088, 0.09759609531711502, 0.5324887671068674, 0.130213158077101, 0.2280647209429075, 0.07585157410338193, 0.35853297198285144, 0.3367882634761941, 0.41289474324949477, 0.2715541379562222, 0.04323451134339596, 0.130213158077101, 0.04323451134339596, 0.18457530392959282, 0.2715541379562222, 0.5759781841201822, 0.36940532623618016, 0.14108588691627819, 0.04323451134339596, 1.0, 0.04323451134339596, 0.05410686559672462, 0.05410686559672462, 0.2280647209429075, 0.05410686559672462, 0.05410686559672462, 0.05410686559672462, 0.11934080382377235, 0.08672392835671061, 0.21719236668957884, 0.10846844957044367, 0.18457530392959282, 0.05410686559672462, 0.10846844957044367, 0.06497921985005328, 0.05410686559672462, 0.14108588691627819, 0.10846844957044367, 0.6194676011334967, 0.04323451134339596, 0.5433611213601961, 0.36940532623618016, 0.04323451134339596, 0.14108588691627819, 0.49987170434688144, 0.35853297198285144, 0.26068178370289347, 0.04323451134339596, 0.04323451134339596, 0.07585157410338193, 0.14108588691627819, 0.04323451134339596, 0.05410686559672462, 0.15195824116960685, 0.130213158077101, 0.04323451134339596, 0.19544765818292148, 0.5977228926268394, 0.04323451134339596, 0.10846844957044367, 0.05410686559672462, 0.10846844957044367, 0.5542334756135248, 0.09759609531711502, 0.06497921985005328, 0.08672392835671061, 0.14108588691627819, 0.06497921985005328, 0.2280647209429075, 0.10846844957044367, 0.05410686559672462, 0.28242649220955085, 0.14108588691627819, 0.09759609531711502, 0.2280647209429075, 0.4672546415868955, 0.04323451134339596, 0.14108588691627819, 0.29329884646287946, 0.2498094294495648, 0.35853297198285144, 0.6520846638934827, 0.2280647209429075, 0.05410686559672462, 0.05410686559672462, 0.04323451134339596, 0.15195824116960685, 0.07585157410338193, 0.06497921985005328, 0.04323451134339596, 0.10846844957044367, 0.21719236668957884, 0.0], "offset": [-0.005, -0.005, -0.005, -0.005, -0.005, -0.005, -0.005, -0.005, -0.005, -0.005, -0.005, -0.005, -0.005, -0.005, -0.005, -0.005, -0.005, -0.005, -0.005, -0.005, -0.005, -0.005, -0.005, -0.005, -0.005, -0.005, -0.005, -0.005, -0.005, -0.005, -0.005, -0.005, -0.005, -0.005, -0.005, -0.005, -0.005, -0.005, -0.005, -0.005, -0.005, -0.005, -0.005, -0.005, -0.005, -0.005, -0.005, -0.005, -0.005, -0.005, -0.005, -0.005, -0.005, -0.005, -0.005, -0.005, -0.005, -0.005, -0.005, -0.005, -0.005, -0.005, -0.005, -0.005, -0.005, -0.005, -0.005, -0.005, -0.005, -0.005, -0.005, -0.005, -0.005, -0.005, -0.005, -0.005, -0.005, -0.005, -0.005, -0.005, -0.005, -0.005, -0.005, -0.005, -0.005, -0.005, -0.005, -0.005, -0.005, -0.005, -0.005, -0.005, -0.005, -0.005, -0.005, -0.005, -0.005, -0.005, -0.005, -0.005, -0.005, -0.005, -0.005, -0.005, -0.005, -0.005, -0.005, -0.005, -0.005, -0.005, -0.005, -0.005, -0.005, -0.005, -0.005, -0.005, -0.005, -0.005, -0.005, -0.005, -0.005, -0.005, -0.005, -0.005, -0.005, -0.005, -0.005, -0.005, -0.005, -0.005, -0.005, -0.005, -0.005, -0.005, -0.005, -0.005, -0.005, -0.005, -0.005, -0.005, -0.005, -0.005, -0.005, -0.005, -0.005, -0.005, -0.005, -0.005, -0.005, -0.005, -0.005, -0.005, -0.005, -0.005, -0.005, -0.005, -0.005, -0.005, -0.005, -0.005, -0.005, -0.005, -0.005, -0.005, -0.005, -0.005, -0.005, -0.005, -0.005, -0.005, -0.005, -0.005, -0.005, -0.005, -0.005, -0.005, -0.005, -0.005, -0.005, -0.005, -0.005, -0.005, -0.005, -0.005],