{"duration": [0.18575999999999998, 0.267029, 0.18575999999999998, 0.20898, 0.226395, 0.238005, 0.261224, 0.19737000000000002, 0.272834, 0.19737000000000002, 0.272834, 0.20317500000000002, 0.261224, 0.214785, 0.261224, 0.214785, 0.255419, 0.214785, 0.267029, 0.20317500000000002, 0.261224, 0.20898, 0.261224, 0.20898, 0.261224, 0.20317500000000002, 0.255419, 0.20898, 0.255419, 0.20898, 0.261224, 0.20898, 0.255419, 0.20898, 0.261224, 0.214785, 0.261224, 0.214785, 0.255419, 0.20898, 0.14208600000000002], "energy": [0.33403187811668233, 0.9556016153210756, 0.33403187811668233, 0.5116254168323797, 0.6448205708691529, 0.7336173402270015, 0.9112032306421513, 0.42282864747453114, 1.0, 0.42282864747453114, 1.0, 0.4672270321534555, 0.9112032306421513, 0.5560238015113041, 0.9112032306421513, 0.5560238015113041, 0.866804845963227, 0.5560238015113041, 0.9556016153210756, 0.4672270321534555, 0.9112032306421513, 0.5116254168323797, 0.9112032306421513, 0.5116254168323797, 0.9112032306421513, 0.4672270321534555, 0.866804845963227, 0.5116254168323797, 0.866804845963227, 0.5116254168323797, 0.9112032306421513, 0.5116254168323797, 0.866804845963227, 0.5116254168323797, 0.9112032306421513, 0.5560238015113041, 0.9112032306421513, 0.5560238015113041, 0.866804845963227, 0.5116254168323797, 0.0], "offset": [-0.005, -0.005, -0.005, -0.005, -0.005, -0.005, -0.005, -0.005, -0.005, -0.005, -0.005, -0.005, -0.005, -0.005, -0.005, -0.005, -0.005, -0.005, -0.005, -0.005, -0.005, -0.005, -0.005, -0.005, -0.005, -0.005, -0.005, -0.005, -0.005, -0.005, -0.005, -0.005, -0.005, -0.005, -0.005, -0.005, -0.005, -0.005, -0.005, -0.005, -0.005], "time": [-0.00580499, 0.179955, 0.446984, 0.632744, 0.841723, 1.06812, 1.30612, 1.5673499999999998, 1.76472, 2.03755, 2.2349200000000002, 2.50776, 2.71093, 2.97215, 3.18694, 3.4481599999999997, 3.66295, 3.91837, 4.13315, 4.400180000000001, 4.6033599999999995, 4.86458, 5.0735600000000005, 5.334779999999999, 5.54376, 5.80499, 6.00816, 6.26358, 6.4725600000000005, 6.72798, 6.93696, 7.198189999999999, 7.40717, 7.66259, 7.871560000000001, 8.13279, 8.34757, 8.608799999999999, 8.82358, 9.079, 9.28798]}