{"duration": [0.5224489999999999, 0.824308, 0.557279, 0.812698, 0.5863039999999999, 0.835918, 0.603719, 0.795283, 0.609524, 0.835918, 0.621134, 0.777868, 0.638549, 0.8475280000000001, 0.6269389999999999, 0.5689120000000001], "energy": [0.0, 0.9285712088446192, 0.10714318673307115, 0.8928568132669289, 0.19642917567729692, 0.9642856044223096, 0.25000076904383267, 0.8392852199003935, 0.2678579668326777, 0.9642856044223096, 0.30357236241036806, 0.785713626533858, 0.35714395577690344, 1.0, 0.3214295601992131, 0.14292833434334445], "offset": [-0.005, -0.005, -0.005, -0.005, -0.005, -0.005, -0.005, -0.005, -0.005, -0.005, -0.005, -0.005, -0.005, -0.005, -0.005, -0.005], "time": [0.10449, 0.6269389999999999, 1.45125, 2.00853, 2.82122, 3.4075300000000004, 4.24345, 4.84717, 5.64245, 6.25197, 7.087890000000001, 7.709020000000001, 8.486889999999999, 9.125440000000001, 9.97297, 10.5999]}