{"duration": [0.0290249, 0.034829900000000004, 0.0638549, 0.0638549, 0.0812698, 0.133515, 0.1161, 0.0290249, 0.10449, 0.0696599, 0.0696599, 0.034829900000000004, 0.052244900000000004, 0.110295, 0.110295, 0.052244900000000004, 0.0638549, 0.034829900000000004, 0.0290249, 0.0696599, 0.12771, 0.19156499999999999, 0.168345, 0.179955, 0.15093, 0.0290249, 0.0290249, 0.0290249, 0.0290249, 0.0290249, 0.034829900000000004, 0.0290249, 0.034829900000000004, 0.0290249, 0.0290249, 0.034829900000000004, 0.0754649, 0.261224, 0.22059, 0.0290249, 0.0638549, 0.0290249, 0.110295, 0.16254, 0.0812698, 0.0754649, 0.214785, 0.156735, 0.12771, 0.09868479999999999, 0.156735, 0.0406349, 0.13932, 0.0812698, 0.0870748, 0.034829900000000004, 0.0812698, 0.110295, 0.0870748, 0.133515, 0.110295, 0.10449, 0.034829900000000004, 0.052244900000000004, 0.0638549, 0.034829900000000004, 0.0290249, 0.0290249, 0.034829900000000004, 0.0290249, 0.0696599, 0.296054, 0.0290249, 0.0638549, 0.0290249, 0.110295, 0.16254, 0.0812698, 0.0812698, 0.20898, 0.156735, 0.12771, 0.09868479999999999, 0.156735, 0.0406349, 0.13932, 0.0812698, 0.0928798, 0.0290249, 0.0812698, 0.110295, 0.0870748, 0.133515, 0.1161, 0.10449, 0.0290249, 0.0580499, 0.0290249, 0.0290249, 0.034829900000000004, 0.0290249, 0.034829900000000004, 0.0290249, 0.0290249, 0.0696599, 0.267029, 0.19737000000000002, 0.0290249, 0.0928798, 0.110295, 0.325079, 0.09868479999999999, 0.0290249, 0.0290249, 0.034829900000000004, 0.0290249, 0.034829900000000004, 0.0290249, 0.034829900000000004, 0.0290249, 0.034829900000000004, 0.034829900000000004, 0.0754649, 0.272834, 0.034829900000000004, 0.0290249, 0.034829900000000004, 0.0696599, 0.0290249, 0.0928798, 0.133515, 0.0870748, 0.0870748, 0.09868479999999999, 0.0290249, 0.0928798, 0.0464399, 0.0580499, 0.052244900000000004, 0.255419, 0.09868479999999999, 0.156735, 0.0290249, 0.0638549, 0.19156499999999999, 0.034829900000000004, 0.0812698, 0.0406349, 0.09868479999999999, 0.052244900000000004, 0.0406349, 0.09868479999999999, 0.189025], "energy": [0.0, 0.019607902744802397, 0.11764741646881431, 0.11764741646881431, 0.17647078692711907, 0.3529425871825453, 0.29411887894813815, 0.0, 0.2549030734585334, 0.13725531921361667, 0.13725531921361667, 0.019607902744802397, 0.07843161097920955, 0.2745109762033358, 0.2745109762033358, 0.07843161097920955, 0.11764741646881431, 0.019607902744802397, 0.0, 0.13725531921361667, 0.33333468443774295, 0.5490216146305692, 0.47059000365135967, 0.5098058091409645, 0.41176629541695253, 0.0, 0.0, 0.0, 0.0, 0.0, 0.019607902744802397, 0.0, 0.019607902744802397, 0.0, 0.0, 0.019607902744802397, 0.15686322195841906, 0.7843130698071737, 0.6470611283545812, 0.0, 0.11764741646881431, 0.0, 0.2745109762033358, 0.4509821009065572, 0.17647078692711907, 0.15686322195841906, 0.6274532256097787, 0.43137419816175493, 0.33333468443774295, 0.2352944951615262, 0.43137419816175493, 0.03921580548960478, 0.3725504899273477, 0.17647078692711907, 0.19607868967192144, 0.019607902744802397, 0.17647078692711907, 0.2745109762033358, 0.19607868967192144, 0.3529425871825453, 0.2745109762033358, 0.2549030734585334, 0.019607902744802397, 0.07843161097920955, 0.11764741646881431, 0.019607902744802397, 0.0, 0.0, 0.019607902744802397, 0.0, 0.13725531921361667, 0.9019604862759879, 0.0, 0.11764741646881431, 0.0, 0.2745109762033358, 0.4509821009065572, 0.17647078692711907, 0.17647078692711907, 0.6078453228649763, 0.43137419816175493, 0.33333468443774295, 0.2352944951615262, 0.43137419816175493, 0.03921580548960478, 0.3725504899273477, 0.17647078692711907, 0.21568659241672383, 0.0, 0.17647078692711907, 0.2745109762033358, 0.19607868967192144, 0.3529425871825453, 0.29411887894813815, 0.2549030734585334, 0.0, 0.09803951372401193, 0.0, 0.0, 0.019607902744802397, 0.0, 0.019607902744802397, 0.0, 0.0, 0.13725531921361667, 0.8039209725519761, 0.5686295173753716, 0.0, 0.21568659241672383, 0.2745109762033358, 1.0, 0.2352944951615262, 0.0, 0.0, 0.019607902744802397, 0.0, 0.019607902744802397, 0.0, 0.019607902744802397, 0.0, 0.019607902744802397, 0.019607902744802397, 0.15686322195841906, 0.8235288752967785, 0.019607902744802397, 0.0, 0.019607902744802397, 0.13725531921361667, 0.0, 0.21568659241672383, 0.3529425871825453, 0.19607868967192144, 0.19607868967192144, 0.2352944951615262, 0.0, 0.21568659241672383, 0.05882370823440716, 0.09803951372401193, 0.07843161097920955, 0.7647051670623713, 0.2352944951615262, 0.43137419816175493, 0.0, 0.11764741646881431, 0.5490216146305692, 0.019607902744802397, 0.17647078692711907, 0.03921580548960478, 0.2352944951615262, 0.07843161097920955, 0.03921580548960478, 0.2352944951615262, 0.5404421016293981], "offset": [-0.005, -0.005, -0.005, -0.005, -0.005, -0.005, -0.005, -0.005, -0.005, -0.005, -0.005, -0.005, -0.005, -0.005, -0.005, -0.005, -0.005, -0.005, -0.005, -0.005, -0.005, -0.005, -0.005, -0.005, -0.005, -0.005, -0.005, -0.005, -0.005, -0.005, -0.005, -0.005, -0.005, -0.005, -0.005, -0.005, -0.005, -0.005, -0.005, -0.005, -0.005, -0.005, -0.005, -0.005, -0.005, -0.005, -0.005, -0.005, -0.005, -0.005, -0.005, -0.005, -0.005, -0.005, -0.005, -0.005, -0.005, -0.005, -0.005, -0.005, -0.005, -0.005, -0.005, -0.005, -0.005, -0.005, -0.005, -0.005, -0.005, -0.005, -0.005, -0.005, -0.005, -0.005, -0.005, -0.005, -0.005, -0.005, -0.005, -0.005, -0.005, -0.005, -0.005, -0.005, -0.005, -0.005, -0.005, -0.005, -0.005, -0.005, -0.005, -0.005, -0.005, -0.005, -0.005, -0.005, -0.005, -0.005, -0.005, -0.005, -0.005, -0.005, -0.005, -0.005, -0.005, -0.005, -0.005, -0.005, -0.005, -0.005, -0.005, -0.005, -0.005, -0.005, -0.005, -0.005, -0.005, -0.005, -0.005, -0.005, -0.005, -0.005, -0.005, -0.005, -0.005, -0.005, -0.005, -0.005, -0.005, -0.005, -0.005, -0.005, -0.005, -0.005, -0.005, -0.005, -0.005, -0.005, -0.005, -0.005, -0.005, -0.005, -0.005, -0.005, -0.005, -0.005, -0.005, -0.005, -0.005, -0.005, -0.005, -0.005, -0.005], "time": [-0.00580499, 0.023219999999999998, 0.0580499, 0.121905, 0.18575999999999998, 0.267029, 0.40054399999999996, 0.516644, 0.545669, 0.650159, 0.719819, 0.7894779999999999, 0.824308, 0.876553, 0.986848, 1.09714, 1.1493900000000001, 1.21324, 1.24807, 1.2771, 1.34676, 1.47447, 1.66603, 1.8343800000000001, 2.0143299999999997, 2.1652600000000004, 2.19429, 2.22331, 2.2523400000000002, 2.2813600000000003, 2.31039, 2.34522, 2.37424, 2.4090700000000003, 2.4381, 2.46712, 2.50195, 2.57741, 2.83864, 3.05923, 3.08825, 3.15211, 3.18113, 3.2914299999999996, 3.45397, 3.53524, 3.6107, 3.82549, 3.98222, 4.10993, 4.20862, 4.36535, 4.40599, 4.545310000000001, 4.62658, 4.7136499999999995, 4.74848, 4.82975, 4.94005, 5.02712, 5.16063, 5.27093, 5.37542, 5.41025, 5.46249, 5.526350000000001, 5.56118, 5.590199999999999, 5.61923, 5.65406, 5.68308, 5.75274, 6.0488, 6.07782, 6.14168, 6.1707, 6.281, 6.44354, 6.52481, 6.6060799999999995, 6.815060000000001, 6.97179, 7.0995, 7.198189999999999, 7.35492, 7.395560000000001, 7.53488, 7.616149999999999, 7.709020000000001, 7.73805, 7.819319999999999, 7.929609999999999, 8.016689999999999, 8.1502, 8.2663, 8.370790000000001, 8.39982, 8.457870000000002, 8.486889999999999, 8.51592, 8.55075, 8.57977, 8.614600000000001, 8.64363, 8.672649999999999, 8.74231, 9.00934, 9.20671, 9.23574, 9.32862, 9.43891, 9.76399, 9.862680000000001, 9.8917, 9.920729999999999, 9.95556, 9.98458, 10.0194, 10.048399999999999, 10.0833, 10.1123, 10.1471, 10.182, 10.2574, 10.5302, 10.565100000000001, 10.594100000000001, 10.6289, 10.6986, 10.7276, 10.8205, 10.954, 11.0411, 11.128200000000001, 11.226799999999999, 11.2559, 11.348799999999999, 11.3952, 11.4532, 11.5055, 11.7609, 11.8596, 12.0163, 12.045399999999999, 12.109200000000001, 12.300799999999999, 12.335600000000001, 12.4169, 12.4575, 12.5562, 12.6084, 12.6491, 12.7478]}