{"duration": [0.679184, 0.8185030000000001, 0.19737000000000002, 0.481814, 0.2322, 0.731429, 0.29024900000000003, 0.313469, 0.22059, 0.690794, 0.446984, 0.725624, 0.905578, 0.853333, 1.0623099999999999, 0.365714, 1.18422, 0.261224, 0.899773, 0.597914, 0.6443540000000001, 0.383129, 0.29024900000000003, 0.812698, 0.0464399, 0.307664, 0.510839, 0.09868479999999999, 0.179955, 0.278639, 0.325079, 0.238005, 0.5863039999999999, 0.621134, 0.719819, 0.452789, 0.19156499999999999, 0.6153289999999999, 0.7488440000000001, 0.934603, 0.425533], "energy": [0.5561216090877314, 0.6785696990130168, 0.13265313745599877, 0.3826522365789312, 0.1632653796634341, 0.6020399723988845, 0.21428490443803688, 0.23469306590966038, 0.15306129892762232, 0.5663256898235433, 0.35203999437149586, 0.5969379320309787, 0.755100304531605, 0.7091819412204521, 0.8928527577516956, 0.2806114292208134, 1.0, 0.1887747025985074, 0.7499982641636992, 0.48469304393704904, 0.5255093668802963, 0.2959175503245311, 0.21428490443803688, 0.6734676586451108, 0.0, 0.22959102554175448, 0.40816243841846067, 0.04591827542070739, 0.1173470163522811, 0.20408082370222508, 0.24489714664547219, 0.16836742003133998, 0.47448896320123723, 0.5051012054086726, 0.5918358916630727, 0.35714203473940176, 0.12755109708809287, 0.4999991650407667, 0.6173460935026023, 0.7806105063711345, 0.333186614882788], "offset": [-0.005, -0.005, -0.005, -0.005, -0.005, -0.005, -0.005, -0.005, -0.005, -0.005, -0.005, -0.005, -0.005, -0.005, -0.005, -0.005, -0.005, -0.005, -0.005, -0.005, -0.005, -0.005, -0.005, -0.005, -0.005, -0.005, -0.005, -0.005, -0.005, -0.005, -0.005, -0.005, -0.005, -0.005, -0.005, -0.005, -0.005, -0.005, -0.005, -0.005, -0.005], "time": [0.0290249, 0.708209, 1.52671, 1.7240799999999998, 2.2059, 2.4381, 3.16952, 3.45977, 3.77324, 3.99383, 4.68463, 5.131609999999999, 5.8572299999999995, 6.76281, 7.616149999999999, 8.67846, 9.04417, 10.228399999999999, 10.489600000000001, 11.3894, 11.9873, 12.6317, 13.0148, 13.305, 14.117700000000001, 14.164200000000001, 14.4718, 14.982700000000001, 15.0814, 15.261299999999999, 15.54, 15.865, 16.103, 16.6893, 17.3105, 18.0303, 18.4831, 18.674599999999998, 19.29, 20.0388, 20.9734]}