{"duration": [0.267029, 0.40054399999999996, 0.597914, 0.307664, 0.42376400000000003, 0.365714, 0.505034, 0.383129, 0.42956900000000003, 0.6849890000000001, 0.470204, 0.42376400000000003, 0.42956900000000003, 0.406349, 0.40054399999999996, 0.325079, 0.383129, 0.359909, 0.19156499999999999, 0.278639, 0.336689, 0.255419, 0.278639, 0.319274, 0.19737000000000002, 0.238005, 0.18575999999999998, 0.19156499999999999], "energy": [0.16278902066987294, 0.4302314168447746, 0.8255810459728902, 0.2441845325491908, 0.47674313791867057, 0.3604638352339307, 0.6395341616773064, 0.3953476260393527, 0.4883710681871446, 1.0, 0.5697665800664625, 0.47674313791867057, 0.4883710681871446, 0.4418593471132486, 0.4302314168447746, 0.27906832335461285, 0.3953476260393527, 0.3488359049654567, 0.011627930268474, 0.18604488120682094, 0.30232418389156085, 0.139533160132925, 0.18604488120682094, 0.2674403930861388, 0.023255860536948, 0.10465137241626589, 0.0, 0.011627930268474], "offset": [-0.005, -0.005, -0.005, -0.005, -0.005, -0.005, -0.005, -0.005, -0.005, -0.005, -0.005, -0.005, -0.005, -0.005, -0.005, -0.005, -0.005, -0.005, -0.005, -0.005, -0.005, -0.005, -0.005, -0.005, -0.005, -0.005, -0.005, -0.005], "time": [0.0290249, 0.510839, 1.0855299999999999, 1.6834500000000001, 2.38005, 2.80381, 3.66875, 4.17379, 4.7078500000000005, 5.23029, 5.91528, 6.38549, 7.01823, 7.709020000000001, 8.23147, 9.06159, 9.57823, 10.3619, 10.9308, 11.122399999999999, 11.7957, 12.3762, 12.858, 13.3979, 14.4428, 15.093, 15.9289, 16.6313]}