{"duration": [0.133515, 0.2322, 0.20317500000000002, 0.19156499999999999, 0.19156499999999999, 0.19156499999999999, 0.179955, 0.179955, 0.18575999999999998, 0.18575999999999998, 0.19737000000000002, 0.20898, 0.528254, 0.156735, 0.28444400000000003, 0.133515, 0.255419, 0.121905, 0.2322, 0.110295, 0.22059, 0.110295, 0.20898, 0.10449, 0.20317500000000002, 0.0928798, 0.20317500000000002, 0.09868479999999999, 0.20898, 0.09868479999999999, 0.20898, 0.09868479999999999, 0.249615, 0.42376400000000003, 0.20317500000000002, 0.22059, 0.15093, 0.168345, 0.15093, 0.20898, 0.121905, 0.214785, 0.10449, 0.20317500000000002, 0.110295, 0.226395, 0.110295, 0.261224, 0.052244900000000004, 0.0638549, 0.20898, 0.0580499, 0.0580499, 0.17415, 0.052244900000000004, 0.0580499, 0.15093, 0.0638549, 0.0580499, 0.13932, 0.0638549, 0.0580499, 0.133515, 0.0638549, 0.052244900000000004, 0.13932, 0.0638549, 0.052244900000000004, 0.13932, 0.0928798, 0.052244900000000004, 0.5224489999999999, 0.249615, 0.19737000000000002, 0.0638549, 0.22059, 0.145125, 0.0696599, 0.19156499999999999, 0.179955, 0.179955, 0.168345, 0.17415, 0.168345, 0.16254, 0.168345, 0.168345, 0.16254, 0.168345, 0.16254, 0.168345, 0.168345, 0.18575999999999998, 0.278639, 0.12771, 0.10449, 0.09868479999999999, 0.09868479999999999, 0.09868479999999999, 0.0928798, 0.09868479999999999, 0.09868479999999999, 0.0928798, 0.09868479999999999, 0.10449, 0.09868479999999999, 0.09868479999999999, 0.0928798, 0.09868479999999999, 0.09868479999999999, 0.10449, 0.09868479999999999, 0.09868479999999999, 0.0928798, 0.09868479999999999, 0.1161, 0.0812698, 0.0928798, 0.09868479999999999, 0.09868479999999999, 0.110295, 0.0928798, 0.10449, 0.18575999999999998, 0.121905, 0.2322, 0.168345, 0.19156499999999999, 0.15093, 0.168345, 0.110295, 0.0754649, 0.1161, 0.0696599, 0.121905, 0.0638549, 0.12771, 0.0696599, 0.12771, 0.0638549, 0.12771, 0.0696599, 0.133515, 0.0638549, 0.13932, 0.0638549, 0.12771, 0.0580499, 0.13932, 0.10449, 0.133515, 0.0928798, 0.133515, 0.208594], "energy": [0.17073224020297087, 0.3780497053522716, 0.3170739803083597, 0.2926836902907949, 0.2926836902907949, 0.2926836902907949, 0.2682934002732301, 0.2682934002732301, 0.28048854528201245, 0.28048854528201245, 0.30487883529957727, 0.32926912531714203, 1.0, 0.2195128202381005, 0.48780390963113945, 0.17073224020297087, 0.42682818458722743, 0.14634195018540613, 0.3780497053522716, 0.12195166016784133, 0.35365941533470685, 0.12195166016784133, 0.32926912531714203, 0.10975651515905892, 0.3170739803083597, 0.08536580498145939, 0.3170739803083597, 0.09756094999024177, 0.32926912531714203, 0.09756094999024177, 0.32926912531714203, 0.09756094999024177, 0.4146351403786188, 0.7804873898419169, 0.3170739803083597, 0.35365941533470685, 0.2073176752293181, 0.24390311025566527, 0.2073176752293181, 0.32926912531714203, 0.14634195018540613, 0.3414642703259244, 0.10975651515905892, 0.3170739803083597, 0.12195166016784133, 0.36585456034348923, 0.12195166016784133, 0.4390233295960098, 0.0, 0.02439029001756479, 0.32926912531714203, 0.012195145008782394, 0.012195145008782394, 0.2560982552644477, 0.0, 0.012195145008782394, 0.2073176752293181, 0.02439029001756479, 0.012195145008782394, 0.18292738521175328, 0.02439029001756479, 0.012195145008782394, 0.17073224020297087, 0.02439029001756479, 0.0, 0.18292738521175328, 0.02439029001756479, 0.0, 0.18292738521175328, 0.08536580498145939, 0.0, 0.9878048549912175, 0.4146351403786188, 0.30487883529957727, 0.02439029001756479, 0.35365941533470685, 0.1951225302205357, 0.03658543502634717, 0.2926836902907949, 0.2682934002732301, 0.2682934002732301, 0.24390311025566527, 0.2560982552644477, 0.24390311025566527, 0.23170796524688286, 0.24390311025566527, 0.24390311025566527, 0.23170796524688286, 0.24390311025566527, 0.23170796524688286, 0.24390311025566527, 0.24390311025566527, 0.28048854528201245, 0.475608764622357, 0.15853709519418852, 0.10975651515905892, 0.09756094999024177, 0.09756094999024177, 0.09756094999024177, 0.08536580498145939, 0.09756094999024177, 0.09756094999024177, 0.08536580498145939, 0.09756094999024177, 0.10975651515905892, 0.09756094999024177, 0.09756094999024177, 0.08536580498145939, 0.09756094999024177, 0.09756094999024177, 0.10975651515905892, 0.09756094999024177, 0.09756094999024177, 0.08536580498145939, 0.09756094999024177, 0.13414680517662372, 0.060975514963894605, 0.08536580498145939, 0.09756094999024177, 0.09756094999024177, 0.12195166016784133, 0.08536580498145939, 0.10975651515905892, 0.28048854528201245, 0.14634195018540613, 0.3780497053522716, 0.24390311025566527, 0.2926836902907949, 0.2073176752293181, 0.24390311025566527, 0.12195166016784133, 0.04878058003512958, 0.13414680517662372, 0.03658543502634717, 0.14634195018540613, 0.02439029001756479, 0.15853709519418852, 0.03658543502634717, 0.15853709519418852, 0.02439029001756479, 0.15853709519418852, 0.03658543502634717, 0.17073224020297087, 0.02439029001756479, 0.18292738521175328, 0.02439029001756479, 0.15853709519418852, 0.012195145008782394, 0.18292738521175328, 0.10975651515905892, 0.17073224020297087, 0.08536580498145939, 0.17073224020297087, 0.3284582164500637], "offset": [-0.005, -0.005, -0.005, -0.005, -0.005, -0.005, -0.005, -0.005, -0.005, -0.005, -0.005, -0.005, -0.005, -0.005, -0.005, -0.005, -0.005, -0.005, -0.005, -0.005, -0.005, -0.005, -0.005, -0.005, -0.005, -0.005, -0.005, -0.005, -0.005, -0.005, -0.005, -0.005, -0.005, -0.005, -0.005, -0.005, -0.005, -0.005, -0.005, -0.005, -0.005, -0.005, -0.005, -0.005, -0.005, -0.005, -0.005, -0.005, -0.005, -0.005, -0.005, -0.005, -0.005, -0.005, -0.005, -0.005, -0.005, -0.005, -0.005, -0.005, -0.005, -0.005, -0.005, -0.005, -0.005, -0.005, -0.005, -0.005, -0.005, -0.005, -0.005, -0.005, -0.005, -0.005, -0.005, -0.005, -0.005, -0.005, -0.005, -0.005, -0.005, -0.005, -0.005, -0.005, -0.005, -0.005, -0.005, -0.005, -0.005, -0.005, -0.005, -0.005, -0.005, -0.005, -0.005, -0.005, -0.005, -0.005, -0.005, -0.005, -0.005, -0.005, -0.005, -0.005, -0.005, -0.005, -0.005, -0.005, -0.005, -0.005, -0.005, -0.005, -0.005, -0.005, -0.005, -0.005, -0.005, -0.005, -0.005, -0.005, -0.005, -0.005, -0.005, -0.005, -0.005, -0.005, -0.005, -0.005, -0.005, -0.005, -0.005, -0.005, -0.005, -0.005, -0.005, -0.005, -0.005, -0.005, -0.005, -0.005, -0.005, -0.005, -0.005, -0.005, -0.005, -0.005, -0.005, -0.005, -0.005, -0.005, -0.005, -0.005, -0.005, -0.005],