{"duration": [0.19737000000000002, 0.0754649, 0.179955, 0.0754649, 0.238005, 0.0696599, 0.249615, 0.0638549, 0.22059, 0.0754649, 0.2322, 0.0696599, 0.18575999999999998, 0.29024900000000003, 0.272834, 0.0754649, 0.22059, 0.0696599, 0.22059, 0.0696599, 0.19737000000000002, 0.0754649, 0.226395, 0.0696599, 0.19156499999999999, 0.272834, 0.0754649, 0.22059, 0.0638549, 0.22059, 0.0696599, 0.18575999999999998, 0.0754649, 0.17415, 0.20898, 0.267029, 0.441179, 0.15093, 0.406349, 0.168345, 0.0870748, 0.1161, 0.121905, 0.156735, 0.12771, 0.145125, 0.110295, 0.0928798, 0.12771, 0.10449, 0.214785, 0.156735, 0.10449, 0.10449, 0.0928798, 0.272834, 0.17415, 0.18575999999999998, 0.17415, 0.15093, 0.156735, 0.13932, 0.20317500000000002, 0.15093, 0.145125, 0.121905, 0.12771, 0.133515, 0.133515, 0.12771, 0.15093, 0.133515, 0.15093, 0.133515, 0.12771, 0.12771, 0.12771, 0.133515, 0.13932, 0.13932, 0.16254, 0.133515, 0.12771, 0.133515, 0.133515, 0.121905, 0.121905, 0.12771, 0.133515, 0.12771, 0.12771, 0.133515, 0.133515, 0.1161, 0.13932, 0.145125, 0.13932, 0.133515, 0.13932, 0.17415, 0.10449, 0.325079, 0.133515], "energy": [0.35384726287030177, 0.03076930416053467, 0.30769330662949973, 0.03076930416053467, 0.4615398274321731, 0.015384652080267316, 0.4923091315927078, 0.0, 0.415385871191371, 0.03076930416053467, 0.44615517535190574, 0.015384652080267316, 0.323077958709767, 0.5999990459130494, 0.5538450896722473, 0.03076930416053467, 0.415385871191371, 0.015384652080267316, 0.415385871191371, 0.015384652080267316, 0.35384726287030177, 0.03076930416053467, 0.43077052327163834, 0.015384652080267316, 0.33846261079003437, 0.5538450896722473, 0.03076930416053467, 0.415385871191371, 0.0, 0.415385871191371, 0.015384652080267316, 0.323077958709767, 0.03076930416053467, 0.2923086545492324, 0.3846165670308363, 0.53846043759198, 1.0, 0.23077004622816302, 0.907692087518396, 0.27692400246896504, 0.061538343296916355, 0.13846213374655897, 0.15384678582682634, 0.24615469830843037, 0.16923143790709366, 0.21538539414789568, 0.12307748166629166, 0.07692299537718371, 0.16923143790709366, 0.10769282958602432, 0.40000121911110365, 0.24615469830843037, 0.10769282958602432, 0.10769282958602432, 0.07692299537718371, 0.5538450896722473, 0.2923086545492324, 0.323077958709767, 0.2923086545492324, 0.23077004622816302, 0.24615469830843037, 0.20000074206762833, 0.3692319149505691, 0.23077004622816302, 0.21538539414789568, 0.15384678582682634, 0.16923143790709366, 0.18461608998736095, 0.18461608998736095, 0.16923143790709366, 0.23077004622816302, 0.18461608998736095, 0.23077004622816302, 0.18461608998736095, 0.16923143790709366, 0.16923143790709366, 0.16923143790709366, 0.18461608998736095, 0.20000074206762833, 0.20000074206762833, 0.26153935038869763, 0.18461608998736095, 0.16923143790709366, 0.18461608998736095, 0.18461608998736095, 0.15384678582682634, 0.15384678582682634, 0.16923143790709366, 0.18461608998736095, 0.16923143790709366, 0.16923143790709366, 0.18461608998736095, 0.18461608998736095, 0.13846213374655897, 0.20000074206762833, 0.21538539414789568, 0.20000074206762833, 0.18461608998736095, 0.20000074206762833, 0.2923086545492324, 0.10769282958602432, 0.6923069583946534, 0.18461608998736095], "offset": [-0.005, -0.005, -0.005, -0.005, -0.005, -0.005, -0.005, -0.005, -0.005, -0.005, -0.005, -0.005, -0.005, -0.005, -0.005, -0.005, -0.005, -0.005, -0.005, -0.005, -0.005, -0.005, -0.005, -0.005, -0.005, -0.005, -0.005, -0.005, -0.005, -0.005, -0.005, -0.005, -0.005, -0.005, -0.005, -0.005, -0.005, -0.005, -0.005, -0.005, -0.005, -0.005, -0.005, -0.005, -0.005, -0.005, -0.005, -0.005, -0.005, -0.005, -0.005, -0.005, -0.005, -0.005, -0.005, -0.005, -0.005, -0.005, -0.005, -0.005, -0.005, -0.005, -0.005, -0.005, -0.005, -0.005, -0.005, -0.005, -0.005, -0.005, -0.005, -0.005, -0.005, -0.005, -0.005, -0.005, -0.005, -0.005, -0.005, -0.005, -0.005, -0.005, -0.005, -0.005, -0.005, -0.005, -0.005, -0.005, -0.005, -0.005, -0.005, -0.005, -0.005, -0.005, -0.005, -0.005, -0.005, -0.005, -0.005, -0.005, -0.005, -0.005, -0.005], "time": [-0.00580499, 0.29024900000000003, 0.365714, 0.638549, 0.714014, 0.952018, 1.02168, 1.27129, 1.33515, 1.55574, 1.6312, 1.8634000000000002, 1.93306, 2.1188200000000004, 2.4090700000000003, 2.6819, 2.75737, 2.97796, 3.0476199999999998, 3.26821, 3.3378699999999997, 3.53524, 3.6107, 3.8371, 3.9067600000000002, 4.098319999999999, 4.37116, 4.44662, 4.66721, 4.73107, 4.9516599999999995, 5.021319999999999, 5.20707, 5.28254, 5.45669, 5.66567, 5.9327, 6.37388, 6.52481, 7.17497, 7.343310000000001, 7.43039, 7.5464899999999995, 7.6683900000000005, 7.82512, 8.08054, 8.225670000000001, 8.335959999999998, 8.428840000000001, 8.55655, 8.661040000000002, 9.21252, 9.36925, 9.47374, 9.57823, 9.67111, 10.489600000000001, 10.663799999999998, 10.8495, 11.023700000000002, 11.1746, 11.331299999999999, 11.4707, 11.6738, 11.8248, 11.969899999999999, 12.0918, 12.2195, 12.353, 12.4865, 12.6142, 12.7652, 12.898700000000002, 13.0496, 13.1831, 13.310799999999999, 13.4385, 13.5663, 13.6998, 13.8391, 13.978399999999999, 14.141, 14.2745, 14.4022, 14.5357, 14.6692, 14.7911, 14.913, 15.040700000000001, 15.1742, 15.302, 15.4297, 15.5632, 15.6967, 15.8128, 15.9521, 16.0972, 16.2366, 16.3701, 16.509400000000003, 16.6835, 16.788, 17.1131]}