{"duration": [0.179955, 0.2322, 0.278639, 0.24381, 0.278639, 0.261224, 0.28444400000000003, 0.20898, 0.214785, 0.214785, 0.22059, 0.21188200000000001], "energy": [0.0, 0.5000047851926994, 0.9444439127563666, 0.6111169596799662, 0.9444439127563666, 0.7777756510254665, 1.0, 0.2777804362181663, 0.33333652346179965, 0.33333652346179965, 0.388892610705433, 0.3055536946472834], "offset": [-0.005, -0.005, -0.005, -0.005, -0.005, -0.005, -0.005, -0.005, -0.005, -0.005, -0.005, -0.005], "time": [0.0406349, 0.278639, 0.528254, 0.841723, 1.0855299999999999, 1.40481, 1.6834500000000001, 1.9678900000000001, 2.17687, 2.4439, 2.65868, 2.87927]}