{"duration": [0.023219999999999998, 0.226395, 0.145125, 0.110295, 0.179955, 0.110295, 0.13932, 0.110295, 0.238005, 0.313469, 0.29024900000000003, 0.29024900000000003, 0.301859, 0.307664, 0.307664, 0.22059, 0.110295, 0.301859, 0.301859, 0.307664, 0.313469, 0.336689, 0.278639, 0.110295, 0.325079, 0.34829899999999997, 0.296054, 0.371519, 0.388934, 0.15093, 0.168345, 0.20898, 0.179955, 0.383129, 0.336689, 0.20898, 0.19156499999999999, 0.20317500000000002, 0.133515, 0.261224, 0.110295, 0.24381, 0.342494, 0.238005, 0.10449, 0.19156499999999999, 0.110295, 0.20898, 0.267029, 0.156735, 0.17415, 0.29024900000000003, 0.307664, 0.255419, 0.121905, 0.156735, 0.34829899999999997, 0.20898, 0.168345, 0.24381, 0.110295, 0.272834, 0.110295, 0.24381, 0.16254, 0.13932, 0.214785, 0.110295, 0.110295, 0.13932, 0.0928798, 0.0290249, 0.09868479999999999, 0.238005, 0.296054, 0.261224, 0.28444400000000003, 0.226395, 0.330884, 0.267029, 0.336689, 0.301859, 0.319274, 0.325079, 0.278639, 0.110295, 0.319274, 0.24381, 0.110295, 0.29024900000000003, 0.342494, 0.19737000000000002, 0.1161, 0.1161], "energy": [0.0, 0.5555570746539645, 0.3333342447923787, 0.23809588913741336, 0.4285726004473441, 0.23809588913741336, 0.3174611855165511, 0.23809588913741336, 0.5873031932056196, 0.7936502294142417, 0.7301579923109314, 0.7301579923109314, 0.7619041108625865, 0.777777170138414, 0.777777170138414, 0.5396840153781369, 0.23809588913741336, 0.7619041108625865, 0.7619041108625865, 0.777777170138414, 0.7936502294142417, 0.857142466517552, 0.6984118737592763, 0.23809588913741336, 0.8253963479658968, 0.8888885850692069, 0.7460310515867588, 0.9523808221725171, 1.0, 0.34920730406820627, 0.3968264818956889, 0.5079378968264818, 0.4285726004473441, 0.9841269407241723, 0.857142466517552, 0.5079378968264818, 0.4603187189989991, 0.4920648375506543, 0.30158812624072356, 0.6507926959317936, 0.23809588913741336, 0.6031762524814471, 0.8730155257933794, 0.5873031932056196, 0.22222282986158579, 0.4603187189989991, 0.23809588913741336, 0.5079378968264818, 0.6666657552076212, 0.3650803633440338, 0.41269954117151647, 0.7301579923109314, 0.777777170138414, 0.6349196366559661, 0.26984200768906846, 0.3650803633440338, 0.8888885850692069, 0.5079378968264818, 0.3968264818956889, 0.6031762524814471, 0.23809588913741336, 0.6825388144834488, 0.23809588913741336, 0.6031762524814471, 0.38095342261986137, 0.3174611855165511, 0.5238109561023093, 0.23809588913741336, 0.23809588913741336, 0.3174611855165511, 0.19047616443450344, 0.015872785838113933, 0.206349223710331, 0.5873031932056196, 0.7460310515867588, 0.6507926959317936, 0.714284933035104, 0.5555570746539645, 0.8412694072417243, 0.6666657552076212, 0.857142466517552, 0.7619041108625865, 0.8095232886900691, 0.8253963479658968, 0.6984118737592763, 0.23809588913741336, 0.8095232886900691, 0.6031762524814471, 0.23809588913741336, 0.7301579923109314, 0.8730155257933794, 0.4761917782748267, 0.2539689484132409, 0.2539689484132409], "offset": [-0.005, -0.005, -0.005, -0.005, -0.005, -0.005, -0.005, -0.005, -0.005, -0.005, -0.005, -0.005, -0.005, -0.005, -0.005, -0.005, -0.005, -0.005, -0.005, -0.005, -0.005, -0.005, -0.005, -0.005, -0.005, -0.005, -0.005, -0.005, -0.005, -0.005, -0.005, -0.005, -0.005, -0.005, -0.005, -0.005, -0.005, -0.005, -0.005, -0.005, -0.005, -0.005, -0.005, -0.005, -0.005, -0.005, -0.005, -0.005, -0.005, -0.005, -0.005, -0.005, -0.005, -0.005, -0.005, -0.005, -0.005, -0.005, -0.005, -0.005, -0.005, -0.005, -0.005, -0.005, -0.005, -0.005, -0.005, -0.005, -0.005, -0.005, -0.005, -0.005, -0.005, -0.005, -0.005, -0.005, -0.005, -0.005, -0.005, -0.005, -0.005, -0.005, -0.005, -0.005, -0.005, -0.005, -0.005, -0.005, -0.005, -0.005, -0.005, -0.005, -0.005, -0.005], "time": [0.226395, 0.336689, 0.5630839999999999, 0.708209, 0.8185030000000001, 0.998458, 1.10875, 1.24807, 1.3583699999999999, 1.5963699999999998, 1.90984, 2.2000900000000003, 2.49034, 2.7922, 3.09986, 3.4075300000000004, 3.62812, 3.73841, 4.04027, 4.34213, 4.6498, 4.9632700000000005, 5.29995, 5.57859, 5.688890000000001, 6.0139700000000005, 6.3622700000000005, 6.693149999999999, 7.0646700000000004, 7.453609999999999, 7.60454, 7.77288, 7.981859999999999, 8.161810000000001, 8.54494, 8.88163, 9.09061, 9.28218, 9.48535, 9.618870000000001, 9.880090000000001, 9.99039, 10.234200000000001, 10.5767, 10.9076, 11.1688, 11.3604, 11.4707, 11.6796, 11.9467, 12.103399999999999, 12.2776, 12.5678, 12.8755, 13.1309, 13.252799999999999, 13.4095, 13.7578, 13.9668, 14.1351, 14.379, 14.4893, 14.7621, 14.872399999999999, 15.116200000000001, 15.2787, 15.418, 15.6328, 15.7431, 15.853399999999999, 15.992700000000001, 16.1379, 16.3585, 16.4746, 16.7126, 17.008599999999998, 17.2698, 17.554299999999998, 17.7807, 18.1116, 18.3786, 18.7153, 19.0171, 19.3364, 19.6615, 19.940099999999997, 20.0504, 20.3697, 20.6135, 20.7238, 21.0141, 21.3566, 21.6352, 21.7513]}