{"duration": [0.325079, 0.557279, 0.609524, 0.534059, 0.545669, 0.6153289999999999, 0.592109, 0.603719, 0.603719, 0.5630839999999999, 0.545669, 0.539864, 0.551474, 0.551474, 0.557279, 0.371519, 0.145125, 0.052244900000000004, 0.17415, 0.214785, 0.28444400000000003, 0.226395, 0.24381, 0.383129, 0.22059, 0.214785, 0.20898, 0.249615, 0.261224, 0.5642630000000001], "energy": [0.48453525858748286, 0.8969070517174966, 0.9896907051717497, 0.8556698724044952, 0.8762884620609959, 1.0, 0.9587628206869988, 0.9793814103434995, 0.9793814103434995, 0.9072163465457469, 0.8762884620609959, 0.8659791672327456, 0.8865977568892464, 0.8865977568892464, 0.8969070517174966, 0.5670096172134855, 0.16494889484537037, 0.0, 0.2164953689866221, 0.28866043278437453, 0.4123701947897304, 0.30927902244087524, 0.3402069069256263, 0.5876282068699863, 0.29896972761262486, 0.28866043278437453, 0.27835113795612415, 0.3505162017538766, 0.371133015476729, 0.9093101723170661], "offset": [-0.005, -0.005, -0.005, -0.005, -0.005, -0.005, -0.005, -0.005, -0.005, -0.005, -0.005, -0.005, -0.005, -0.005, -0.005, -0.005, -0.005, -0.005, -0.005, -0.005, -0.005, -0.005, -0.005, -0.005, -0.005, -0.005, -0.005, -0.005, -0.005, -0.005], "time": [-0.00580499, 0.545669, 1.10295, 1.71247, 2.2465300000000004, 2.7922, 3.4075300000000004, 3.99964, 4.6033599999999995, 5.20707, 5.77016, 6.31583, 6.855689999999999, 7.40717, 7.95864, 8.51592, 8.922270000000001, 9.06739, 9.119639999999999, 9.293790000000001, 9.508569999999999, 9.79302, 10.0194, 10.263200000000001, 10.6463, 10.8669, 11.081700000000001, 11.290700000000001, 11.540299999999998, 11.8015]}