{"duration": [0.10449, 0.052244900000000004, 0.0464399, 0.0754649, 0.0928798, 0.0812698, 0.12771, 0.16254, 0.0870748, 0.0812698, 0.0812698, 0.0928798, 0.0696599, 0.0870748, 0.0754649, 0.0754649, 0.0812698, 0.0812698, 0.0754649, 0.0870748, 0.0870748, 0.0812698, 0.0870748, 0.0812698, 0.0812698, 0.0812698, 0.0870748, 0.0870748, 0.0870748, 0.0464399, 0.0464399, 0.0812698, 0.0928798, 0.0464399, 0.0464399, 0.0870748, 0.121905, 0.052244900000000004, 0.0464399, 0.0464399, 0.0754649, 0.0464399, 0.052244900000000004, 0.0754649, 0.0464399, 0.0464399, 0.0464399, 0.0464399, 0.0870748, 0.0464399, 0.0464399, 0.0812698, 0.0464399, 0.0464399, 0.0464399, 0.0464399, 0.0464399, 0.0464399, 0.0464399, 0.0464399, 0.0464399, 0.052244900000000004, 0.0464399, 0.0464399, 0.0464399, 0.0812698, 0.0464399, 0.0464399, 0.0580499, 0.0464399, 0.0870748, 0.0464399, 0.0464399, 0.0464399, 0.052244900000000004, 0.0580499, 0.0464399, 0.09868479999999999, 0.052244900000000004, 0.0580499, 0.0464399, 0.0580499, 0.0464399, 0.0369161], "energy": [0.5379064015684913, 0.12202136695326289, 0.07581200711011203, 0.3068588063258664, 0.4454860898284483, 0.35306737014214656, 0.7227438409410948, 1.0, 0.3992767299852974, 0.35306737014214656, 0.35306737014214656, 0.4454860898284483, 0.26064944648271543, 0.3992767299852974, 0.3068588063258664, 0.3068588063258664, 0.35306737014214656, 0.35306737014214656, 0.3068588063258664, 0.3992767299852974, 0.3992767299852974, 0.35306737014214656, 0.3992767299852974, 0.35306737014214656, 0.35306737014214656, 0.35306737014214656, 0.3992767299852974, 0.3992767299852974, 0.3992767299852974, 0.07581200711011203, 0.07581200711011203, 0.35306737014214656, 0.4454860898284483, 0.07581200711011203, 0.07581200711011203, 0.3992767299852974, 0.676534481097944, 0.12202136695326289, 0.07581200711011203, 0.07581200711011203, 0.3068588063258664, 0.07581200711011203, 0.12202136695326289, 0.3068588063258664, 0.07581200711011203, 0.07581200711011203, 0.07581200711011203, 0.07581200711011203, 0.3992767299852974, 0.07581200711011203, 0.07581200711011203, 0.35306737014214656, 0.07581200711011203, 0.07581200711011203, 0.07581200711011203, 0.07581200711011203, 0.07581200711011203, 0.07581200711011203, 0.07581200711011203, 0.07581200711011203, 0.07581200711011203, 0.12202136695326289, 0.07581200711011203, 0.07581200711011203, 0.07581200711011203, 0.35306737014214656, 0.07581200711011203, 0.07581200711011203, 0.16823072679641377, 0.07581200711011203, 0.3992767299852974, 0.07581200711011203, 0.07581200711011203, 0.07581200711011203, 0.12202136695326289, 0.16823072679641377, 0.07581200711011203, 0.4916954496715991, 0.12202136695326289, 0.16823072679641377, 0.07581200711011203, 0.16823072679641377, 0.07581200711011203, 0.0], "offset": [-0.005, -0.005, -0.005, -0.005, -0.005, -0.005, -0.005, -0.005, -0.005, -0.005, -0.005, -0.005, -0.005, -0.005, -0.005, -0.005, -0.005, -0.005, -0.005, -0.005, -0.005, -0.005, -0.005, -0.005, -0.005, -0.005, -0.005, -0.005, -0.005, -0.005, -0.005, -0.005, -0.005, -0.005, -0.005, -0.005, -0.005, -0.005, -0.005, -0.005, -0.005, -0.005, -0.005, -0.005, -0.005, -0.005, -0.005, -0.005, -0.005, -0.005, -0.005, -0.005, -0.005, -0.005, -0.005, -0.005, -0.005, -0.005, -0.005, -0.005, -0.005, -0.005, -0.005, -0.005, -0.005, -0.005, -0.005, -0.005, -0.005, -0.005, -0.005, -0.005, -0.005, -0.005, -0.005, -0.005, -0.005, -0.005, -0.005, -0.005, -0.005, -0.005, -0.005, -0.005], "time": [-0.00580499, 0.09868479999999999, 0.15093, 0.19737000000000002, 0.272834, 0.365714, 0.446984, 0.5746939999999999, 0.7372340000000001, 0.824308, 0.905578, 0.986848, 1.07973, 1.1493900000000001, 1.2364600000000001, 1.31193, 1.3873900000000001, 1.46866, 1.54993, 1.6254000000000002, 1.71247, 1.79955, 1.88082, 1.9678900000000001, 2.0491599999999996, 2.13043, 2.2117, 2.2987800000000003, 2.38585, 2.47293, 2.51937, 2.5658000000000003, 2.6470700000000003, 2.73995, 2.78639, 2.83283, 2.91991, 3.04181, 3.09406, 3.1405, 3.18694, 3.2624, 3.30884, 3.3610900000000004, 3.43655, 3.4829899999999996, 3.5294299999999996, 3.57587, 3.62231, 3.70939, 3.75583, 3.80227, 3.88354, 3.92998, 3.97642, 4.0228600000000005, 4.0693, 4.11574, 4.16218, 4.20862, 4.25506, 4.3015, 4.35374, 4.400180000000001, 4.44662, 4.493060000000001, 4.57433, 4.62077, 4.66721, 4.7252600000000005, 4.7717, 4.858779999999999, 4.90522, 4.9516599999999995, 4.9981, 5.05034, 5.10839, 5.15483, 5.25351, 5.30576, 5.36381, 5.41025, 5.4683, 5.51474]}