{"duration": [0.145125, 0.1161, 0.10449, 0.10449, 0.0870748, 0.15093, 0.121905, 0.110295, 0.145125, 0.1161, 0.133515, 0.133515, 0.13932, 0.12771, 0.20317500000000002, 0.156735, 0.0928798, 0.179955, 0.133515, 0.19156499999999999, 0.110295], "energy": [0.5000008613249589, 0.25000129198743837, 0.1500014642524302, 0.1500014642524302, 0.0, 0.550000775192463, 0.30000120585494255, 0.20000137811993435, 0.5000008613249589, 0.25000129198743837, 0.4000010335899506, 0.4000010335899506, 0.4500009474574548, 0.3500011197224466, 1.0, 0.6000006890599673, 0.04999991386750416, 0.8000003445299836, 0.4000010335899506, 0.9000001722649917, 0.20000137811993435], "offset": [-0.005, -0.005, -0.005, -0.005, -0.005, -0.005, -0.005, -0.005, -0.005, -0.005, -0.005, -0.005, -0.005, -0.005, -0.005, -0.005, -0.005, -0.005, -0.005, -0.005, -0.005], "time": [0.0406349, 0.18575999999999998, 0.301859, 0.42376400000000003, 0.545669, 0.6965990000000001, 0.8475280000000001, 0.986848, 1.13778, 1.2829000000000002, 1.399, 1.5325199999999999, 1.66603, 1.80535, 1.93306, 2.13624, 2.29297, 2.42068, 2.60063, 2.75737, 2.94893]}