{"duration": [0.0464399, 0.1161, 0.0638549, 0.0812698, 0.0870748, 0.13932, 0.0812698, 0.133515, 0.0754649, 0.052244900000000004, 0.1161, 0.0812698, 0.0696599, 0.0870748, 0.0464399, 0.0464399, 0.0928798, 0.17415, 0.0464399, 0.15093, 0.19156499999999999, 0.0464399, 0.13932, 0.214785, 0.0464399, 0.214785, 0.0464399, 0.0464399, 0.10449, 0.052244900000000004, 0.1161, 0.0870748, 0.0870748, 0.052244900000000004, 0.09868479999999999, 0.0928798, 0.110295, 0.0696599, 0.110295, 0.0696599, 0.110295, 0.0696599, 0.145125, 0.20898, 0.0696599, 0.179955, 0.0638549, 0.0812698, 0.0870748, 0.133515, 0.0812698, 0.12771, 0.0812698, 0.0464399, 0.1161, 0.0812698, 0.0754649, 0.1161, 0.052244900000000004, 0.0928798, 0.179955, 0.0464399, 0.145125, 0.0464399, 0.145125, 0.0464399, 0.145125, 0.0464399, 0.0464399, 0.168345, 0.0464399, 0.0464399, 0.0638549, 0.052244900000000004, 0.10449, 0.0580499, 0.0754649, 0.0464399, 0.0812698, 0.0754649, 0.0638549, 0.0928798, 0.0928798, 0.0464399, 0.0464399, 0.0464399, 0.0464399, 0.0812698, 0.0464399, 0.0464399, 0.0464399, 0.0464399, 0.0812698, 0.0464399, 0.0464399, 0.0464399, 0.0464399, 0.13932, 0.156735, 0.0870748, 0.0464399, 0.15093, 0.0638549, 0.0812698, 0.0870748, 0.133515, 0.0812698, 0.12771, 0.0812698, 0.0464399, 0.121905, 0.0812698, 0.0754649, 0.12771, 0.0464399, 0.0928798, 0.0464399, 0.133515, 0.0464399, 0.13932, 0.052244900000000004, 0.133515, 0.0464399, 0.145125, 0.0464399, 0.13932, 0.0464399, 0.0464399, 0.17415, 0.0464399, 0.0812698, 0.09868479999999999, 0.0580499, 0.110295, 0.0928798, 0.052244900000000004, 0.0870748, 0.09868479999999999, 0.0928798, 0.0812698, 0.0464399, 0.0464399, 0.0464399, 0.0464399, 0.0464399, 0.0464399, 0.0812698, 0.0464399, 0.052244900000000004, 0.0984581], "energy": [0.0, 0.41379345166565584, 0.10344821441194307, 0.20689583480600268, 0.241378572943317, 0.5517244042149133, 0.20689583480600268, 0.5172416660775989, 0.1724136906865718, 0.03448273813731436, 0.41379345166565584, 0.20689583480600268, 0.13793095254925739, 0.241378572943317, 0.0, 0.0, 0.2758613110806314, 0.7586208330387996, 0.0, 0.6206898804895421, 0.8620690474507425, 0.0, 0.5517244042149133, 1.0, 0.0, 1.0, 0.0, 0.0, 0.34482797539102705, 0.03448273813731436, 0.41379345166565584, 0.241378572943317, 0.241378572943317, 0.03448273813731436, 0.3103440492179457, 0.2758613110806314, 0.3793107135283415, 0.13793095254925739, 0.3793107135283415, 0.13793095254925739, 0.3793107135283415, 0.13793095254925739, 0.5862071423522277, 0.9655172618626856, 0.13793095254925739, 0.793103571176114, 0.10344821441194307, 0.20689583480600268, 0.241378572943317, 0.5172416660775989, 0.20689583480600268, 0.48275892794028447, 0.20689583480600268, 0.0, 0.41379345166565584, 0.20689583480600268, 0.1724136906865718, 0.41379345166565584, 0.03448273813731436, 0.2758613110806314, 0.793103571176114, 0.0, 0.5862071423522277, 0.0, 0.5862071423522277, 0.0, 0.5862071423522277, 0.0, 0.0, 0.7241380949014852, 0.0, 0.0, 0.10344821441194307, 0.03448273813731436, 0.34482797539102705, 0.06896547627462872, 0.1724136906865718, 0.0, 0.20689583480600268, 0.1724136906865718, 0.10344821441194307, 0.2758613110806314, 0.2758613110806314, 0.0, 0.0, 0.0, 0.0, 0.20689583480600268, 0.0, 0.0, 0.0, 0.0, 0.20689583480600268, 0.0, 0.0, 0.0, 0.0, 0.5517244042149133, 0.6551726186268565, 0.241378572943317, 0.0, 0.6206898804895421, 0.10344821441194307, 0.20689583480600268, 0.241378572943317, 0.5172416660775989, 0.20689583480600268, 0.48275892794028447, 0.20689583480600268, 0.0, 0.44827618980297024, 0.20689583480600268, 0.1724136906865718, 0.48275892794028447, 0.0, 0.2758613110806314, 0.0, 0.5172416660775989, 0.0, 0.5517244042149133, 0.03448273813731436, 0.5172416660775989, 0.0, 0.5862071423522277, 0.0, 0.5517244042149133, 0.0, 0.0, 0.7586208330387996, 0.0, 0.20689583480600268, 0.3103440492179457, 0.06896547627462872, 0.3793107135283415, 0.2758613110806314, 0.03448273813731436, 0.241378572943317, 0.3103440492179457, 0.2758613110806314, 0.20689583480600268, 0.0, 0.0, 0.0, 0.0, 0.0, 0.0, 0.20689583480600268, 0.0, 0.03448273813731436, 0.3089974106760458], "offset": [-0.005, -0.005, -0.005, -0.005, -0.005, -0.005, -0.005, -0.005, -0.005, -0.005, -0.005, -0.005, -0.005, -0.005, -0.005, -0.005, -0.005, -0.005, -0.005, -0.005, -0.005, -0.005, -0.005, -0.005, -0.005, -0.005, -0.005, -0.005, -0.005, -0.005, -0.005, -0.005, -0.005, -0.005, -0.005, -0.005, -0.005, -0.005, -0.005, -0.005, -0.005, -0.005, -0.005, -0.005, -0.005, -0.005, -0.005, -0.005, -0.005, -0.005, -0.005, -0.005, -0.005, -0.005, -0.005, -0.005, -0.005, -0.005, -0.005, -0.005, -0.005, -0.005, -0.005, -0.005, -0.005, -0.005, -0.005, -0.005, -0.005, -0.005, -0.005, -0.005, -0.005, -0.005, -0.005, -0.005, -0.005, -0.005, -0.005, -0.005, -0.005, -0.005, -0.005, -0.005, -0.005, -0.005, -0.005, -0.005, -0.005, -0.005, -0.005, -0.005, -0.005, -0.005, -0.005, -0.005, -0.005, -0.005, -0.005, -0.005, -0.005, -0.005, -0.005, -0.005, -0.005, -0.005, -0.005, -0.005, -0.005, -0.005, -0.005, -0.005, -0.005, -0.005, -0.005, -0.005, -0.005, -0.005, -0.005, -0.005, -0.005, -0.005, -0.005, -0.005, -0.005, -0.005, -0.005, -0.005, -0.005, -0.005, -0.005, -0.005, -0.005, -0.005, -0.005, -0.005, -0.005, -0.005, -0.005, -0.005, -0.005, -0.005, -0.005, -0.005, -0.005, -0.005, -0.005, -0.005, -0.005, -0.005], "time": [-0.00580499, 0.0406349, 0.156735, 0.22059, 0.301859, 0.388934, 0.528254, 0.609524, 0.743039, 0.8185030000000001, 0.8707480000000001, 0.986848, 1.06812, 1.13778, 1.22485, 1.27129, 1.31773, 1.41061, 1.58476, 1.6312, 1.7821300000000002, 1.9737, 2.02014, 2.15946, 2.37424, 2.42068, 2.63546, 2.6819, 2.72834, 2.83283, 2.88508, 3.0011799999999997, 3.08825, 3.1753299999999998, 3.22757, 3.3262600000000004, 3.41914, 3.5294299999999996, 3.5990900000000003, 3.70939, 3.7790500000000002, 3.8893400000000002, 3.959, 4.1041300000000005, 4.31311, 4.39438, 4.57433, 4.63819, 4.71946, 4.8065299999999995, 4.94005, 5.021319999999999, 5.14902, 5.23029, 5.27673, 5.39283, 5.4741, 5.54957, 5.66567, 5.71791, 5.81079, 5.99075, 6.03719, 6.18231, 6.22875, 6.37388, 6.420319999999999, 6.56544, 6.61188, 6.65832, 6.82667, 6.87311, 6.91955, 6.9834, 7.0356499999999995, 7.140140000000001, 7.198189999999999, 7.27365, 7.32009, 7.4013599999999995, 7.47683, 7.54068, 7.63356, 7.726439999999999, 7.77288, 7.819319999999999, 7.86576, 7.9121999999999995, 7.99347, 8.039909999999999, 8.08635, 8.13279, 8.17923, 8.2605, 8.30694, 8.35338, 8.39982, 8.44626, 8.58558, 8.74231, 8.82939, 8.87583, 9.02676, 9.09061, 9.17188, 9.258959999999998, 9.39247, 9.47374, 9.601450000000002, 9.68272, 9.72916, 9.85107, 9.93234, 10.0078, 10.1355, 10.182, 10.274799999999999, 10.321299999999999, 10.454799999999999, 10.5012, 10.6405, 10.6928, 10.8263, 10.8727, 11.0179, 11.0643, 11.2036, 11.2501, 11.2965, 11.4707, 11.517100000000001, 11.5984, 11.6971, 11.7551, 11.8654, 11.9583, 12.0105, 12.0976, 12.196299999999999, 12.289200000000001, 12.3704, 12.4169, 12.463299999999998, 12.509799999999998, 12.5562, 12.6026, 12.6491, 12.7303, 12.7768, 12.829]}