{"duration": [0.19401, 0.196087, 0.156143, 0.15095, 0.199879, 0.187777, 0.190072, 0.190419, 0.191933, 0.186957, 0.1693, 0.197097, 0.145757, 0.224864, 0.192191, 0.190269, 0.187452, 0.193317, 0.126023, 0.200589, 0.192842, 0.200805, 0.156272, 0.204614, 0.188579, 0.195396, 0.185009, 0.188297, 0.164155, 0.221578, 0.197343, 0.182456, 0.190419, 0.198511, 0.163544, 0.147834, 0.196035, 0.213917, 0.163363, 0.187649, 0.18938, 0.189034, 0.186263, 0.201851, 0.144207, 0.22067, 0.191931, 0.185225, 0.189855, 0.195888, 0.173575, 0.201833, 0.191757, 0.201973, 0.151296, 0.204614, 0.190163, 0.200871, 0.16452, 0.212943, 0.139453, 0.208422, 0.190072, 0.191237, 0.265224, 0.191238, 0.191379, 0.191876, 0.269306, 0.212923, 0.196304, 0.193253, 0.186907, 0.188726, 0.169937, 0.200243, 0.196502, 0.194008, 0.168607, 0.185572, 0.192246, 0.194701, 0.172762, 0.192626, 0.149565, 0.21777, 0.195612, 0.187314, 0.181545, 0.195612, 0.168953, 0.181417, 0.190765, 0.192842, 0.144847, 0.191111, 0.184054, 0.191134, 0.164332, 0.191932, 0.158354, 0.214654, 0.202139, 0.179959, 0.194263, 0.187778, 0.161337, 0.155451, 0.184187, 0.185918, 0.194919, 0.190269, 0.188719, 0.203336, 0.183488, 0.201321, 0.134278, 0.221578, 0.139632, 0.261117, 0.216385, 0.195612, 0.192749, 0.187088, 0.187433, 0.147142, 0.195958, 0.194573, 0.190072, 0.139871, 0.191242, 0.194227, 0.188817, 0.173108, 0.193881, 0.16099, 0.216385, 0.152234, 0.230368, 0.214998, 0.190071, 0.190545, 0.303965, 0.193254, 0.191553, 0.19124, 0.287969, 0.192561, 0.207873, 0.141648, 0.203651, 0.201635, 0.211452, 0.14436, 0.206676, 0.182666, 0.206172, 0.155259, 0.185504, 0.154442, 0.219278, 0.195269, 0.188529, 0.197602, 0.216948, 0.129046, 0.181975, 0.201131, 0.209196, 0.141144, 0.205668, 0.197098, 0.206862, 0.146689, 0.208736, 0.156525, 0.213733, 0.203147, 0.178634, 0.192561, 0.190545, 0.162723, 0.173106, 0.185504, 0.187428, 0.191732, 0.199305, 0.188579, 0.200812, 0.163493, 0.190895, 0.163412, 0.217426, 0.148391, 0.272952], "strength": [2, 2, 0, 0, 2, 2, 0, 0, 2, 2, 0, 2, 0, 1, 1, 1, 2, 2, 0, 0, 2, 2, 0, 0, 2, 2, 0, 2, 0, 1, 1, 1, 2, 2, 0, 0, 2, 2, 0, 0, 2, 2, 0, 2, 0, 1, 1, 1, 2, 2, 0, 0, 2, 2, 0, 0, 2, 2, 0, 2, 0, 1, 0, 0, 2, 2, 2, 2, 0, 1, 1, 1, 2, 2, 0, 0, 2, 2, 0, 0, 2, 2, 0, 2, 0, 1, 1, 1, 2, 2, 0, 0, 2, 2, 0, 0, 2, 2, 0, 2, 0, 1, 1, 1, 2, 2, 0, 0, 2, 2, 0, 0, 2, 2, 0, 2, 0, 0, 0, 0, 1, 1, 1, 2, 2, 0, 0, 2, 2, 0, 0, 2, 2, 0, 2, 0, 0, 0, 0, 1, 1, 1, 2, 2, 2, 2, 2, 2, 2, 0, 0, 2, 2, 0, 0, 2, 2, 0, 2, 0, 1, 1, 1, 2, 2, 0, 0, 2, 2, 0, 0, 2, 2, 0, 2, 0, 1, 1, 1, 2, 2, 0, 0, 0, 2, 0, 0, 2, 2, 0, 2, 0, 0, 0, 0], "chord": [1, 1, 2, 0, 3, 3, 0, 7, 3, 3, 0, 7, 0, 4, 5, 7, 1, 1, 0, 0, 3, 3, 0, 7, 3, 3, 0, 7, 0, 4, 5, 7, 1, 1, 2, 0, 3, 3, 0, 7, 3, 3, 0, 7, 0, 4, 5, 7, 1, 1, 0, 0, 3, 3, 0, 7, 3, 3, 0, 7, 2, 4, 4, 4, 1, 1, 1, 1, 0, 4, 5, 7, 1, 1, 0, 0, 3, 3, 0, 7, 3, 3, 0, 7, 4, 4, 5, 7, 1, 1, 0, 6, 3, 3, 0, 7, 3, 3, 0, 7, 0, 4, 5, 7, 1, 1, 2, 0, 3, 3, 3, 7, 3, 3, 0, 7, 7, 0, 7, 0, 4, 5, 7, 1, 1, 0, 0, 3, 3, 0, 7, 3, 3, 0, 7, 0, 0, 0, 0, 4, 4, 4, 1, 1, 1, 1, 1, 1, 1, 0, 0, 3, 3, 0, 7, 3, 3, 0, 7, 0, 4, 5, 7, 1, 1, 0, 6, 3, 3, 0, 7, 3, 3, 0, 7, 0, 4, 5, 7, 1, 1, 2, 0, 3, 3, 0, 7, 3, 3, 0, 7, 0, 0, 0, 0], "time": [0.0, 0.1941999999999986, 0.3902000000000001, 0.5679999999999978, 0.7619999999999969, 0.9627999999999979, 1.1509, 1.3523999999999994, 1.541599999999999, 1.7247999999999983, 1.9109999999999978, 2.1224999999999987, 2.2916999999999987, 2.4547999999999988, 2.6797000000000004, 2.8719, 3.0624000000000002, 3.249799999999997, 3.4431999999999974, 3.6226999999999983, 3.8232999999999997, 4.015999999999998, 4.216799999999999, 4.373099999999997, 4.592699999999997, 4.781299999999998, 4.976799999999997, 5.161999999999999, 5.349599999999999, 5.514399999999998, 5.736099999999997, 5.933599999999998, 6.116, 6.3065999999999995, 6.5051999999999985, 6.682599999999997, 6.879899999999999, 7.078299999999999, 7.294699999999999, 7.4705999999999975, 7.655899999999999, 7.836899999999996, 8.026, 8.2317, 8.433800000000002, 8.578599999999998, 8.799400000000002, 8.991199999999996, 9.176300000000001, 9.365999999999996, 9.561899999999998, 9.736299999999996, 9.938199999999998, 10.1298, 10.3321, 10.487999999999996, 10.706, 10.890699999999999, 11.0915, 11.278699999999997, 11.4892, 11.642099999999996, 11.8505, 12.040499999999998, 12.2317, 13.186899999999998, 13.377799999999997, 13.568499999999997, 13.759399999999996, 17.751699999999996, 17.964299999999998, 18.1606, 18.3528, 18.5388, 18.727, 18.9094, 19.122399999999995, 19.302899999999998, 19.496999999999996, 19.6855, 19.871100000000002, 20.062899999999996, 20.258399999999998, 20.4489, 20.641899999999996, 20.8083, 21.025899999999996, 21.2216, 21.408199999999997, 21.5921, 21.7873, 21.9778, 22.1675, 22.3576, 22.5502, 22.742099999999997, 22.946499999999997, 23.121799999999997, 23.312699999999996, 23.5067, 23.6974, 23.864899999999995, 24.079599999999996, 24.2809, 24.460199999999997, 24.6544, 24.842200000000002, 25.025899999999996, 25.2379, 25.422099999999997, 25.607899999999997, 25.8105, 26.0008, 26.1893, 26.3929, 26.5765, 26.7775, 26.922099999999997, 27.143599999999996, 27.328999999999997, 29.980299999999996, 30.1968, 30.3927, 30.585599999999996, 30.773, 30.960599999999996, 31.1418, 31.3377, 31.532499999999995, 31.7225, 31.9126, 32.104, 32.298100000000005, 32.486999999999995, 32.678799999999995, 32.8725, 33.0406, 33.2568, 33.441500000000005, 66.6683, 66.8831, 67.07339999999999, 67.2631, 68.21679999999999, 68.4095, 68.6005, 68.7919, 73.38749999999999, 73.5799, 73.7879, 73.93639999999999, 74.13929999999999, 74.3421, 74.5527, 74.7119, 74.91799999999999, 75.1004, 75.30669999999999, 75.48259999999999, 75.6674, 75.83739999999999, 76.0574, 76.2534, 76.4414, 76.63839999999999, 76.8544, 77.0084, 77.19839999999999, 77.3994, 77.60839999999999, 77.7524, 77.95739999999999, 78.1544, 78.36139999999999, 78.5204, 78.7294, 78.89739999999999, 79.1104, 79.3134, 79.4914, 79.68339999999999, 79.8744, 80.05839999999999, 80.26939999999999, 80.45439999999999, 80.6424, 80.83439999999999, 81.0324, 81.22139999999999, 81.4224, 81.6094, 81.7824, 81.95739999999999, 82.17439999999999, 82.3594]}